<?xml version="1.0"?>
<doc>
    <assembly>
        <name>Microsoft.Azure.Management.DataLake.AnalyticsJob</name>
    </assembly>
    <members>
        <member name="T:Microsoft.Azure.Management.DataLake.AnalyticsJob.DataLakeAnalyticsJobManagementClient">
            <summary>
            Creates an Azure Data Lake Analytics job management client.
            </summary>
        </member>
        <member name="T:Microsoft.Azure.Management.DataLake.AnalyticsJob.IDataLakeAnalyticsJobManagementClient">
            <summary>
            Creates an Azure Data Lake Analytics job management client.
            </summary>
        </member>
        <member name="P:Microsoft.Azure.Management.DataLake.AnalyticsJob.IDataLakeAnalyticsJobManagementClient.ApiVersion">
            <summary>
            Gets the API version.
            </summary>
        </member>
        <member name="P:Microsoft.Azure.Management.DataLake.AnalyticsJob.IDataLakeAnalyticsJobManagementClient.Credentials">
            <summary>
            Gets subscription credentials which uniquely identify Microsoft
            Azure subscription. The subscription ID forms part of the URI for
            every service call.
            </summary>
        </member>
        <member name="P:Microsoft.Azure.Management.DataLake.AnalyticsJob.IDataLakeAnalyticsJobManagementClient.JobServiceUri">
            <summary>
            Gets the URI used as the base for all cloud service requests.
            </summary>
        </member>
        <member name="P:Microsoft.Azure.Management.DataLake.AnalyticsJob.IDataLakeAnalyticsJobManagementClient.LongRunningOperationInitialTimeout">
            <summary>
            Gets or sets the initial timeout for Long Running Operations.
            </summary>
        </member>
        <member name="P:Microsoft.Azure.Management.DataLake.AnalyticsJob.IDataLakeAnalyticsJobManagementClient.LongRunningOperationRetryTimeout">
            <summary>
            Gets or sets the retry timeout for Long Running Operations.
            </summary>
        </member>
        <member name="P:Microsoft.Azure.Management.DataLake.AnalyticsJob.IDataLakeAnalyticsJobManagementClient.UserAgentSuffix">
            <summary>
            Gets or sets the additional UserAgent text to be added to the user
            agent header. This is used to further differentiate where requests
            are coming from internally.
            </summary>
        </member>
        <member name="P:Microsoft.Azure.Management.DataLake.AnalyticsJob.IDataLakeAnalyticsJobManagementClient.Jobs">
            <summary>
            Operations for submitting and cancelling Data Lake Analytics jobs
            and retrieving their status and history
            </summary>
        </member>
        <member name="M:Microsoft.Azure.Management.DataLake.AnalyticsJob.DataLakeAnalyticsJobManagementClient.#ctor">
            <summary>
            Initializes a new instance of the
            DataLakeAnalyticsJobManagementClient class.
            </summary>
        </member>
        <member name="M:Microsoft.Azure.Management.DataLake.AnalyticsJob.DataLakeAnalyticsJobManagementClient.#ctor(Microsoft.Azure.SubscriptionCloudCredentials,System.String)">
            <summary>
            Initializes a new instance of the
            DataLakeAnalyticsJobManagementClient class.
            </summary>
            <param name='credentials'>
            Required. Gets subscription credentials which uniquely identify
            Microsoft Azure subscription. The subscription ID forms part of
            the URI for every service call.
            </param>
            <param name='jobServiceUri'>
            Optional. Gets the URI used as the base for all cloud service
            requests.
            </param>
        </member>
        <member name="M:Microsoft.Azure.Management.DataLake.AnalyticsJob.DataLakeAnalyticsJobManagementClient.#ctor(Microsoft.Azure.SubscriptionCloudCredentials)">
            <summary>
            Initializes a new instance of the
            DataLakeAnalyticsJobManagementClient class.
            </summary>
            <param name='credentials'>
            Required. Gets subscription credentials which uniquely identify
            Microsoft Azure subscription. The subscription ID forms part of
            the URI for every service call.
            </param>
        </member>
        <member name="M:Microsoft.Azure.Management.DataLake.AnalyticsJob.DataLakeAnalyticsJobManagementClient.#ctor(System.Net.Http.HttpClient)">
            <summary>
            Initializes a new instance of the
            DataLakeAnalyticsJobManagementClient class.
            </summary>
            <param name='httpClient'>
            The Http client
            </param>
        </member>
        <member name="M:Microsoft.Azure.Management.DataLake.AnalyticsJob.DataLakeAnalyticsJobManagementClient.#ctor(Microsoft.Azure.SubscriptionCloudCredentials,System.String,System.Net.Http.HttpClient)">
            <summary>
            Initializes a new instance of the
            DataLakeAnalyticsJobManagementClient class.
            </summary>
            <param name='credentials'>
            Required. Gets subscription credentials which uniquely identify
            Microsoft Azure subscription. The subscription ID forms part of
            the URI for every service call.
            </param>
            <param name='jobServiceUri'>
            Optional. Gets the URI used as the base for all cloud service
            requests.
            </param>
            <param name='httpClient'>
            The Http client
            </param>
        </member>
        <member name="M:Microsoft.Azure.Management.DataLake.AnalyticsJob.DataLakeAnalyticsJobManagementClient.#ctor(Microsoft.Azure.SubscriptionCloudCredentials,System.Net.Http.HttpClient)">
            <summary>
            Initializes a new instance of the
            DataLakeAnalyticsJobManagementClient class.
            </summary>
            <param name='credentials'>
            Required. Gets subscription credentials which uniquely identify
            Microsoft Azure subscription. The subscription ID forms part of
            the URI for every service call.
            </param>
            <param name='httpClient'>
            The Http client
            </param>
        </member>
        <member name="M:Microsoft.Azure.Management.DataLake.AnalyticsJob.DataLakeAnalyticsJobManagementClient.Clone(Hyak.Common.ServiceClient{Microsoft.Azure.Management.DataLake.AnalyticsJob.DataLakeAnalyticsJobManagementClient})">
            <summary>
            Clones properties from current instance to another
            DataLakeAnalyticsJobManagementClient instance
            </summary>
            <param name='client'>
            Instance of DataLakeAnalyticsJobManagementClient to clone to
            </param>
        </member>
        <member name="M:Microsoft.Azure.Management.DataLake.AnalyticsJob.DataLakeAnalyticsJobManagementClient.ParseJobResult(System.String)">
            <summary>
            Parse enum values for type JobResult.
            </summary>
            <param name='value'>
            The value to parse.
            </param>
            <returns>
            The enum value.
            </returns>
        </member>
        <member name="M:Microsoft.Azure.Management.DataLake.AnalyticsJob.DataLakeAnalyticsJobManagementClient.JobResultToString(Microsoft.Azure.Management.DataLake.AnalyticsJob.Models.JobResult)">
            <summary>
            Convert an enum of type JobResult to a string.
            </summary>
            <param name='value'>
            The value to convert to a string.
            </param>
            <returns>
            The enum value as a string.
            </returns>
        </member>
        <member name="M:Microsoft.Azure.Management.DataLake.AnalyticsJob.DataLakeAnalyticsJobManagementClient.ParseJobState(System.String)">
            <summary>
            Parse enum values for type JobState.
            </summary>
            <param name='value'>
            The value to parse.
            </param>
            <returns>
            The enum value.
            </returns>
        </member>
        <member name="M:Microsoft.Azure.Management.DataLake.AnalyticsJob.DataLakeAnalyticsJobManagementClient.JobStateToString(Microsoft.Azure.Management.DataLake.AnalyticsJob.Models.JobState)">
            <summary>
            Convert an enum of type JobState to a string.
            </summary>
            <param name='value'>
            The value to convert to a string.
            </param>
            <returns>
            The enum value as a string.
            </returns>
        </member>
        <member name="P:Microsoft.Azure.Management.DataLake.AnalyticsJob.DataLakeAnalyticsJobManagementClient.ApiVersion">
            <summary>
            Gets the API version.
            </summary>
        </member>
        <member name="P:Microsoft.Azure.Management.DataLake.AnalyticsJob.DataLakeAnalyticsJobManagementClient.Credentials">
            <summary>
            Gets subscription credentials which uniquely identify Microsoft
            Azure subscription. The subscription ID forms part of the URI for
            every service call.
            </summary>
        </member>
        <member name="P:Microsoft.Azure.Management.DataLake.AnalyticsJob.DataLakeAnalyticsJobManagementClient.JobServiceUri">
            <summary>
            Gets the URI used as the base for all cloud service requests.
            </summary>
        </member>
        <member name="P:Microsoft.Azure.Management.DataLake.AnalyticsJob.DataLakeAnalyticsJobManagementClient.LongRunningOperationInitialTimeout">
            <summary>
            Gets or sets the initial timeout for Long Running Operations.
            </summary>
        </member>
        <member name="P:Microsoft.Azure.Management.DataLake.AnalyticsJob.DataLakeAnalyticsJobManagementClient.LongRunningOperationRetryTimeout">
            <summary>
            Gets or sets the retry timeout for Long Running Operations.
            </summary>
        </member>
        <member name="P:Microsoft.Azure.Management.DataLake.AnalyticsJob.DataLakeAnalyticsJobManagementClient.UserAgentSuffix">
            <summary>
            Gets or sets the additional UserAgent text to be added to the user
            agent header. This is used to further differentiate where requests
            are coming from internally.
            </summary>
        </member>
        <member name="P:Microsoft.Azure.Management.DataLake.AnalyticsJob.DataLakeAnalyticsJobManagementClient.Jobs">
            <summary>
            Operations for submitting and cancelling Data Lake Analytics jobs
            and retrieving their status and history
            </summary>
        </member>
        <member name="T:Microsoft.Azure.Management.DataLake.AnalyticsJob.DataLakeAnalyticsJobManagementClientExtensions">
            <summary>
            Creates an Azure Data Lake Analytics job management client.
            </summary>
        </member>
        <member name="T:Microsoft.Azure.Management.DataLake.AnalyticsJob.IJobOperations">
            <summary>
            Operations for submitting and cancelling Data Lake Analytics jobs and
            retrieving their status and history
            </summary>
        </member>
        <member name="M:Microsoft.Azure.Management.DataLake.AnalyticsJob.IJobOperations.BuildAsync(System.String,System.String,Microsoft.Azure.Management.DataLake.AnalyticsJob.Models.JobInfoBuildOrCreateParameters,System.Threading.CancellationToken)">
            <summary>
            Builds (compiles) the specified job in the specified Data Lake
            Analytics account for job correctness and validation.
            </summary>
            <param name='resourceGroupName'>
            The name of the resource group.
            </param>
            <param name='accountName'>
            The name of the Data Lake Analytics account to build the job for
            </param>
            <param name='parameters'>
            The parameters to build a job, which simulates submission.
            </param>
            <param name='cancellationToken'>
            Cancellation token.
            </param>
            <returns>
            Data Lake Analytics job information response from a build or create
            request.
            </returns>
        </member>
        <member name="M:Microsoft.Azure.Management.DataLake.AnalyticsJob.IJobOperations.CancelAsync(System.String,System.String,System.Guid,System.Threading.CancellationToken)">
            <summary>
            Cancels the running job specified by the job ID.
            </summary>
            <param name='resourceGroupName'>
            The name of the resource group.
            </param>
            <param name='accountName'>
            The name of the Data Lake Analytics account to cancel the job for
            </param>
            <param name='jobIdentity'>
            JobInfo ID to cancel.
            </param>
            <param name='cancellationToken'>
            Cancellation token.
            </param>
            <returns>
            A standard service response including an HTTP status code and
            request ID.
            </returns>
        </member>
        <member name="M:Microsoft.Azure.Management.DataLake.AnalyticsJob.IJobOperations.CreateAsync(System.String,System.String,Microsoft.Azure.Management.DataLake.AnalyticsJob.Models.JobInfoBuildOrCreateParameters,System.Threading.CancellationToken)">
            <summary>
            Submits the specified job to the specified Data Lake Analytics
            account for computation.
            </summary>
            <param name='resourceGroupName'>
            The name of the resource group.
            </param>
            <param name='accountName'>
            The name of the Data Lake Analytics account to create the job for
            </param>
            <param name='parameters'>
            The parameters to submit a job.
            </param>
            <param name='cancellationToken'>
            Cancellation token.
            </param>
            <returns>
            Data Lake Analytics job information response from a build or create
            request.
            </returns>
        </member>
        <member name="M:Microsoft.Azure.Management.DataLake.AnalyticsJob.IJobOperations.GetAsync(System.String,System.String,System.Guid,System.Threading.CancellationToken)">
            <summary>
            Gets the JobInfo object specified by the job ID.
            </summary>
            <param name='resourceGroupName'>
            The name of the resource group.
            </param>
            <param name='accountName'>
            The name of the Data Lake Analytics account to get the job from
            </param>
            <param name='jobIdentity'>
            JobInfo ID.
            </param>
            <param name='cancellationToken'>
            Cancellation token.
            </param>
            <returns>
            Data Lake Analytics job information.
            </returns>
        </member>
        <member name="M:Microsoft.Azure.Management.DataLake.AnalyticsJob.IJobOperations.GetDebugDataPathAsync(System.String,System.String,System.Guid,System.Threading.CancellationToken)">
            <summary>
            Gets the U-SQL job debug data information specified by the job ID.
            </summary>
            <param name='resourceGroupName'>
            The name of the resource group.
            </param>
            <param name='accountName'>
            The name of the Data Lake Analytics account to get the job from
            </param>
            <param name='jobIdentity'>
            JobInfo ID.
            </param>
            <param name='cancellationToken'>
            Cancellation token.
            </param>
            <returns>
            Data Lake Analytics job data path information.
            </returns>
        </member>
        <member name="M:Microsoft.Azure.Management.DataLake.AnalyticsJob.IJobOperations.GetStatisticsAsync(System.String,System.String,System.Guid,System.Threading.CancellationToken)">
            <summary>
            Gets the job statistics object specified by the job ID.
            </summary>
            <param name='resourceGroupName'>
            The name of the resource group.
            </param>
            <param name='accountName'>
            The name of the Data Lake Analytics account to get the job from
            </param>
            <param name='jobIdentity'>
            JobInfo ID.
            </param>
            <param name='cancellationToken'>
            Cancellation token.
            </param>
            <returns>
            Data Lake Analytics Account information.
            </returns>
        </member>
        <member name="M:Microsoft.Azure.Management.DataLake.AnalyticsJob.IJobOperations.ListAsync(System.String,System.String,Microsoft.Azure.Management.DataLake.AnalyticsJob.Models.JobListParameters,System.Threading.CancellationToken)">
            <summary>
            Gets the first page of the Data Lake Analytics JobInformation
            objects within the specified resource group with a link to the
            next page, if any.
            </summary>
            <param name='resourceGroupName'>
            The name of the resource group.
            </param>
            <param name='accountName'>
            The name of the Data Lake Analytics account to get the job from
            </param>
            <param name='parameters'>
            Query parameters. If null is passed returns all JobInfo items.
            </param>
            <param name='cancellationToken'>
            Cancellation token.
            </param>
            <returns>
            List of jobInfo items.
            </returns>
        </member>
        <member name="M:Microsoft.Azure.Management.DataLake.AnalyticsJob.IJobOperations.ListNextAsync(System.String,System.String,System.Threading.CancellationToken)">
            <summary>
            Gets the next page of the Data Lake Analytics JobInformation
            objects within the specified resource group with a link to the
            next page, if any.
            </summary>
            <param name='nextLink'>
            The url to the next job information page.
            </param>
            <param name='resourceGroupName'>
            The name of the resource group.
            </param>
            <param name='cancellationToken'>
            Cancellation token.
            </param>
            <returns>
            List of jobInfo items.
            </returns>
        </member>
        <member name="M:Microsoft.Azure.Management.DataLake.AnalyticsJob.IJobOperations.ListWithQueryStringAsync(System.String,System.String,System.String,System.Threading.CancellationToken)">
            <summary>
            Gets the first page of the Data Lake Analytics JobInformation
            objects within the specified resource group with a link to the
            next page, if any.
            </summary>
            <param name='resourceGroupName'>
            The name of the resource group.
            </param>
            <param name='accountName'>
            The name of the Data Lake Analytics account to get the job from
            </param>
            <param name='queryString'>
            OData Query parameter string (e.g.
            '$orderBy=SubmitTime,$filter=State eq Succeeded'). If null is
            passed returns all JobInfo items.
            </param>
            <param name='cancellationToken'>
            Cancellation token.
            </param>
            <returns>
            List of jobInfo items.
            </returns>
        </member>
        <member name="T:Microsoft.Azure.Management.DataLake.AnalyticsJob.JobOperations">
            <summary>
            Operations for submitting and cancelling Data Lake Analytics jobs and
            retrieving their status and history
            </summary>
        </member>
        <member name="M:Microsoft.Azure.Management.DataLake.AnalyticsJob.JobOperations.#ctor(Microsoft.Azure.Management.DataLake.AnalyticsJob.DataLakeAnalyticsJobManagementClient)">
            <summary>
            Initializes a new instance of the JobOperations class.
            </summary>
            <param name='client'>
            Reference to the service client.
            </param>
        </member>
        <member name="M:Microsoft.Azure.Management.DataLake.AnalyticsJob.JobOperations.BuildAsync(System.String,System.String,Microsoft.Azure.Management.DataLake.AnalyticsJob.Models.JobInfoBuildOrCreateParameters,System.Threading.CancellationToken)">
            <summary>
            Builds (compiles) the specified job in the specified Data Lake
            Analytics account for job correctness and validation.
            </summary>
            <param name='resourceGroupName'>
            Required. The name of the resource group.
            </param>
            <param name='accountName'>
            Required. The name of the Data Lake Analytics account to build the
            job for
            </param>
            <param name='parameters'>
            Required. The parameters to build a job, which simulates submission.
            </param>
            <param name='cancellationToken'>
            Cancellation token.
            </param>
            <returns>
            Data Lake Analytics job information response from a build or create
            request.
            </returns>
        </member>
        <member name="M:Microsoft.Azure.Management.DataLake.AnalyticsJob.JobOperations.CancelAsync(System.String,System.String,System.Guid,System.Threading.CancellationToken)">
            <summary>
            Cancels the running job specified by the job ID.
            </summary>
            <param name='resourceGroupName'>
            Required. The name of the resource group.
            </param>
            <param name='accountName'>
            Required. The name of the Data Lake Analytics account to cancel the
            job for
            </param>
            <param name='jobIdentity'>
            Required. JobInfo ID to cancel.
            </param>
            <param name='cancellationToken'>
            Cancellation token.
            </param>
            <returns>
            A standard service response including an HTTP status code and
            request ID.
            </returns>
        </member>
        <member name="M:Microsoft.Azure.Management.DataLake.AnalyticsJob.JobOperations.CreateAsync(System.String,System.String,Microsoft.Azure.Management.DataLake.AnalyticsJob.Models.JobInfoBuildOrCreateParameters,System.Threading.CancellationToken)">
            <summary>
            Submits the specified job to the specified Data Lake Analytics
            account for computation.
            </summary>
            <param name='resourceGroupName'>
            Required. The name of the resource group.
            </param>
            <param name='accountName'>
            Required. The name of the Data Lake Analytics account to create the
            job for
            </param>
            <param name='parameters'>
            Required. The parameters to submit a job.
            </param>
            <param name='cancellationToken'>
            Cancellation token.
            </param>
            <returns>
            Data Lake Analytics job information response from a build or create
            request.
            </returns>
        </member>
        <member name="M:Microsoft.Azure.Management.DataLake.AnalyticsJob.JobOperations.GetAsync(System.String,System.String,System.Guid,System.Threading.CancellationToken)">
            <summary>
            Gets the JobInfo object specified by the job ID.
            </summary>
            <param name='resourceGroupName'>
            Required. The name of the resource group.
            </param>
            <param name='accountName'>
            Required. The name of the Data Lake Analytics account to get the
            job from
            </param>
            <param name='jobIdentity'>
            Required. JobInfo ID.
            </param>
            <param name='cancellationToken'>
            Cancellation token.
            </param>
            <returns>
            Data Lake Analytics job information.
            </returns>
        </member>
        <member name="M:Microsoft.Azure.Management.DataLake.AnalyticsJob.JobOperations.GetDebugDataPathAsync(System.String,System.String,System.Guid,System.Threading.CancellationToken)">
            <summary>
            Gets the U-SQL job debug data information specified by the job ID.
            </summary>
            <param name='resourceGroupName'>
            Required. The name of the resource group.
            </param>
            <param name='accountName'>
            Required. The name of the Data Lake Analytics account to get the
            job from
            </param>
            <param name='jobIdentity'>
            Required. JobInfo ID.
            </param>
            <param name='cancellationToken'>
            Cancellation token.
            </param>
            <returns>
            Data Lake Analytics job data path information.
            </returns>
        </member>
        <member name="M:Microsoft.Azure.Management.DataLake.AnalyticsJob.JobOperations.GetStatisticsAsync(System.String,System.String,System.Guid,System.Threading.CancellationToken)">
            <summary>
            Gets the job statistics object specified by the job ID.
            </summary>
            <param name='resourceGroupName'>
            Required. The name of the resource group.
            </param>
            <param name='accountName'>
            Required. The name of the Data Lake Analytics account to get the
            job from
            </param>
            <param name='jobIdentity'>
            Required. JobInfo ID.
            </param>
            <param name='cancellationToken'>
            Cancellation token.
            </param>
            <returns>
            Data Lake Analytics Account information.
            </returns>
        </member>
        <member name="M:Microsoft.Azure.Management.DataLake.AnalyticsJob.JobOperations.ListAsync(System.String,System.String,Microsoft.Azure.Management.DataLake.AnalyticsJob.Models.JobListParameters,System.Threading.CancellationToken)">
            <summary>
            Gets the first page of the Data Lake Analytics JobInformation
            objects within the specified resource group with a link to the
            next page, if any.
            </summary>
            <param name='resourceGroupName'>
            Required. The name of the resource group.
            </param>
            <param name='accountName'>
            Required. The name of the Data Lake Analytics account to get the
            job from
            </param>
            <param name='parameters'>
            Optional. Query parameters. If null is passed returns all JobInfo
            items.
            </param>
            <param name='cancellationToken'>
            Cancellation token.
            </param>
            <returns>
            List of jobInfo items.
            </returns>
        </member>
        <member name="M:Microsoft.Azure.Management.DataLake.AnalyticsJob.JobOperations.ListNextAsync(System.String,System.String,System.Threading.CancellationToken)">
            <summary>
            Gets the next page of the Data Lake Analytics JobInformation
            objects within the specified resource group with a link to the
            next page, if any.
            </summary>
            <param name='nextLink'>
            Required. The url to the next job information page.
            </param>
            <param name='resourceGroupName'>
            Required. The name of the resource group.
            </param>
            <param name='cancellationToken'>
            Cancellation token.
            </param>
            <returns>
            List of jobInfo items.
            </returns>
        </member>
        <member name="M:Microsoft.Azure.Management.DataLake.AnalyticsJob.JobOperations.ListWithQueryStringAsync(System.String,System.String,System.String,System.Threading.CancellationToken)">
            <summary>
            Gets the first page of the Data Lake Analytics JobInformation
            objects within the specified resource group with a link to the
            next page, if any.
            </summary>
            <param name='resourceGroupName'>
            Required. The name of the resource group.
            </param>
            <param name='accountName'>
            Required. The name of the Data Lake Analytics account to get the
            job from
            </param>
            <param name='queryString'>
            Optional. OData Query parameter string (e.g.
            '$orderBy=SubmitTime,$filter=State eq Succeeded'). If null is
            passed returns all JobInfo items.
            </param>
            <param name='cancellationToken'>
            Cancellation token.
            </param>
            <returns>
            List of jobInfo items.
            </returns>
        </member>
        <member name="P:Microsoft.Azure.Management.DataLake.AnalyticsJob.JobOperations.Client">
            <summary>
            Gets a reference to the
            Microsoft.Azure.Management.DataLake.AnalyticsJob.DataLakeAnalyticsJobManagementClient.
            </summary>
        </member>
        <member name="T:Microsoft.Azure.Management.DataLake.AnalyticsJob.JobOperationsExtensions">
            <summary>
            Creates an Azure Data Lake Analytics job management client.
            </summary>
        </member>
        <member name="M:Microsoft.Azure.Management.DataLake.AnalyticsJob.JobOperationsExtensions.Build(Microsoft.Azure.Management.DataLake.AnalyticsJob.IJobOperations,System.String,System.String,Microsoft.Azure.Management.DataLake.AnalyticsJob.Models.JobInfoBuildOrCreateParameters)">
            <summary>
            Builds (compiles) the specified job in the specified Data Lake
            Analytics account for job correctness and validation.
            </summary>
            <param name='operations'>
            Reference to the
            Microsoft.Azure.Management.DataLake.AnalyticsJob.IJobOperations.
            </param>
            <param name='resourceGroupName'>
            Required. The name of the resource group.
            </param>
            <param name='accountName'>
            Required. The name of the Data Lake Analytics account to build the
            job for
            </param>
            <param name='parameters'>
            Required. The parameters to build a job, which simulates submission.
            </param>
            <returns>
            Data Lake Analytics job information response from a build or create
            request.
            </returns>
        </member>
        <member name="M:Microsoft.Azure.Management.DataLake.AnalyticsJob.JobOperationsExtensions.BuildAsync(Microsoft.Azure.Management.DataLake.AnalyticsJob.IJobOperations,System.String,System.String,Microsoft.Azure.Management.DataLake.AnalyticsJob.Models.JobInfoBuildOrCreateParameters)">
            <summary>
            Builds (compiles) the specified job in the specified Data Lake
            Analytics account for job correctness and validation.
            </summary>
            <param name='operations'>
            Reference to the
            Microsoft.Azure.Management.DataLake.AnalyticsJob.IJobOperations.
            </param>
            <param name='resourceGroupName'>
            Required. The name of the resource group.
            </param>
            <param name='accountName'>
            Required. The name of the Data Lake Analytics account to build the
            job for
            </param>
            <param name='parameters'>
            Required. The parameters to build a job, which simulates submission.
            </param>
            <returns>
            Data Lake Analytics job information response from a build or create
            request.
            </returns>
        </member>
        <member name="M:Microsoft.Azure.Management.DataLake.AnalyticsJob.JobOperationsExtensions.Cancel(Microsoft.Azure.Management.DataLake.AnalyticsJob.IJobOperations,System.String,System.String,System.Guid)">
            <summary>
            Cancels the running job specified by the job ID.
            </summary>
            <param name='operations'>
            Reference to the
            Microsoft.Azure.Management.DataLake.AnalyticsJob.IJobOperations.
            </param>
            <param name='resourceGroupName'>
            Required. The name of the resource group.
            </param>
            <param name='accountName'>
            Required. The name of the Data Lake Analytics account to cancel the
            job for
            </param>
            <param name='jobIdentity'>
            Required. JobInfo ID to cancel.
            </param>
            <returns>
            A standard service response including an HTTP status code and
            request ID.
            </returns>
        </member>
        <member name="M:Microsoft.Azure.Management.DataLake.AnalyticsJob.JobOperationsExtensions.CancelAsync(Microsoft.Azure.Management.DataLake.AnalyticsJob.IJobOperations,System.String,System.String,System.Guid)">
            <summary>
            Cancels the running job specified by the job ID.
            </summary>
            <param name='operations'>
            Reference to the
            Microsoft.Azure.Management.DataLake.AnalyticsJob.IJobOperations.
            </param>
            <param name='resourceGroupName'>
            Required. The name of the resource group.
            </param>
            <param name='accountName'>
            Required. The name of the Data Lake Analytics account to cancel the
            job for
            </param>
            <param name='jobIdentity'>
            Required. JobInfo ID to cancel.
            </param>
            <returns>
            A standard service response including an HTTP status code and
            request ID.
            </returns>
        </member>
        <member name="M:Microsoft.Azure.Management.DataLake.AnalyticsJob.JobOperationsExtensions.Create(Microsoft.Azure.Management.DataLake.AnalyticsJob.IJobOperations,System.String,System.String,Microsoft.Azure.Management.DataLake.AnalyticsJob.Models.JobInfoBuildOrCreateParameters)">
            <summary>
            Submits the specified job to the specified Data Lake Analytics
            account for computation.
            </summary>
            <param name='operations'>
            Reference to the
            Microsoft.Azure.Management.DataLake.AnalyticsJob.IJobOperations.
            </param>
            <param name='resourceGroupName'>
            Required. The name of the resource group.
            </param>
            <param name='accountName'>
            Required. The name of the Data Lake Analytics account to create the
            job for
            </param>
            <param name='parameters'>
            Required. The parameters to submit a job.
            </param>
            <returns>
            Data Lake Analytics job information response from a build or create
            request.
            </returns>
        </member>
        <member name="M:Microsoft.Azure.Management.DataLake.AnalyticsJob.JobOperationsExtensions.CreateAsync(Microsoft.Azure.Management.DataLake.AnalyticsJob.IJobOperations,System.String,System.String,Microsoft.Azure.Management.DataLake.AnalyticsJob.Models.JobInfoBuildOrCreateParameters)">
            <summary>
            Submits the specified job to the specified Data Lake Analytics
            account for computation.
            </summary>
            <param name='operations'>
            Reference to the
            Microsoft.Azure.Management.DataLake.AnalyticsJob.IJobOperations.
            </param>
            <param name='resourceGroupName'>
            Required. The name of the resource group.
            </param>
            <param name='accountName'>
            Required. The name of the Data Lake Analytics account to create the
            job for
            </param>
            <param name='parameters'>
            Required. The parameters to submit a job.
            </param>
            <returns>
            Data Lake Analytics job information response from a build or create
            request.
            </returns>
        </member>
        <member name="M:Microsoft.Azure.Management.DataLake.AnalyticsJob.JobOperationsExtensions.Get(Microsoft.Azure.Management.DataLake.AnalyticsJob.IJobOperations,System.String,System.String,System.Guid)">
            <summary>
            Gets the JobInfo object specified by the job ID.
            </summary>
            <param name='operations'>
            Reference to the
            Microsoft.Azure.Management.DataLake.AnalyticsJob.IJobOperations.
            </param>
            <param name='resourceGroupName'>
            Required. The name of the resource group.
            </param>
            <param name='accountName'>
            Required. The name of the Data Lake Analytics account to get the
            job from
            </param>
            <param name='jobIdentity'>
            Required. JobInfo ID.
            </param>
            <returns>
            Data Lake Analytics job information.
            </returns>
        </member>
        <member name="M:Microsoft.Azure.Management.DataLake.AnalyticsJob.JobOperationsExtensions.GetAsync(Microsoft.Azure.Management.DataLake.AnalyticsJob.IJobOperations,System.String,System.String,System.Guid)">
            <summary>
            Gets the JobInfo object specified by the job ID.
            </summary>
            <param name='operations'>
            Reference to the
            Microsoft.Azure.Management.DataLake.AnalyticsJob.IJobOperations.
            </param>
            <param name='resourceGroupName'>
            Required. The name of the resource group.
            </param>
            <param name='accountName'>
            Required. The name of the Data Lake Analytics account to get the
            job from
            </param>
            <param name='jobIdentity'>
            Required. JobInfo ID.
            </param>
            <returns>
            Data Lake Analytics job information.
            </returns>
        </member>
        <member name="M:Microsoft.Azure.Management.DataLake.AnalyticsJob.JobOperationsExtensions.GetDebugDataPath(Microsoft.Azure.Management.DataLake.AnalyticsJob.IJobOperations,System.String,System.String,System.Guid)">
            <summary>
            Gets the U-SQL job debug data information specified by the job ID.
            </summary>
            <param name='operations'>
            Reference to the
            Microsoft.Azure.Management.DataLake.AnalyticsJob.IJobOperations.
            </param>
            <param name='resourceGroupName'>
            Required. The name of the resource group.
            </param>
            <param name='accountName'>
            Required. The name of the Data Lake Analytics account to get the
            job from
            </param>
            <param name='jobIdentity'>
            Required. JobInfo ID.
            </param>
            <returns>
            Data Lake Analytics job data path information.
            </returns>
        </member>
        <member name="M:Microsoft.Azure.Management.DataLake.AnalyticsJob.JobOperationsExtensions.GetDebugDataPathAsync(Microsoft.Azure.Management.DataLake.AnalyticsJob.IJobOperations,System.String,System.String,System.Guid)">
            <summary>
            Gets the U-SQL job debug data information specified by the job ID.
            </summary>
            <param name='operations'>
            Reference to the
            Microsoft.Azure.Management.DataLake.AnalyticsJob.IJobOperations.
            </param>
            <param name='resourceGroupName'>
            Required. The name of the resource group.
            </param>
            <param name='accountName'>
            Required. The name of the Data Lake Analytics account to get the
            job from
            </param>
            <param name='jobIdentity'>
            Required. JobInfo ID.
            </param>
            <returns>
            Data Lake Analytics job data path information.
            </returns>
        </member>
        <member name="M:Microsoft.Azure.Management.DataLake.AnalyticsJob.JobOperationsExtensions.GetStatistics(Microsoft.Azure.Management.DataLake.AnalyticsJob.IJobOperations,System.String,System.String,System.Guid)">
            <summary>
            Gets the job statistics object specified by the job ID.
            </summary>
            <param name='operations'>
            Reference to the
            Microsoft.Azure.Management.DataLake.AnalyticsJob.IJobOperations.
            </param>
            <param name='resourceGroupName'>
            Required. The name of the resource group.
            </param>
            <param name='accountName'>
            Required. The name of the Data Lake Analytics account to get the
            job from
            </param>
            <param name='jobIdentity'>
            Required. JobInfo ID.
            </param>
            <returns>
            Data Lake Analytics Account information.
            </returns>
        </member>
        <member name="M:Microsoft.Azure.Management.DataLake.AnalyticsJob.JobOperationsExtensions.GetStatisticsAsync(Microsoft.Azure.Management.DataLake.AnalyticsJob.IJobOperations,System.String,System.String,System.Guid)">
            <summary>
            Gets the job statistics object specified by the job ID.
            </summary>
            <param name='operations'>
            Reference to the
            Microsoft.Azure.Management.DataLake.AnalyticsJob.IJobOperations.
            </param>
            <param name='resourceGroupName'>
            Required. The name of the resource group.
            </param>
            <param name='accountName'>
            Required. The name of the Data Lake Analytics account to get the
            job from
            </param>
            <param name='jobIdentity'>
            Required. JobInfo ID.
            </param>
            <returns>
            Data Lake Analytics Account information.
            </returns>
        </member>
        <member name="M:Microsoft.Azure.Management.DataLake.AnalyticsJob.JobOperationsExtensions.List(Microsoft.Azure.Management.DataLake.AnalyticsJob.IJobOperations,System.String,System.String,Microsoft.Azure.Management.DataLake.AnalyticsJob.Models.JobListParameters)">
            <summary>
            Gets the first page of the Data Lake Analytics JobInformation
            objects within the specified resource group with a link to the
            next page, if any.
            </summary>
            <param name='operations'>
            Reference to the
            Microsoft.Azure.Management.DataLake.AnalyticsJob.IJobOperations.
            </param>
            <param name='resourceGroupName'>
            Required. The name of the resource group.
            </param>
            <param name='accountName'>
            Required. The name of the Data Lake Analytics account to get the
            job from
            </param>
            <param name='parameters'>
            Optional. Query parameters. If null is passed returns all JobInfo
            items.
            </param>
            <returns>
            List of jobInfo items.
            </returns>
        </member>
        <member name="M:Microsoft.Azure.Management.DataLake.AnalyticsJob.JobOperationsExtensions.ListAsync(Microsoft.Azure.Management.DataLake.AnalyticsJob.IJobOperations,System.String,System.String,Microsoft.Azure.Management.DataLake.AnalyticsJob.Models.JobListParameters)">
            <summary>
            Gets the first page of the Data Lake Analytics JobInformation
            objects within the specified resource group with a link to the
            next page, if any.
            </summary>
            <param name='operations'>
            Reference to the
            Microsoft.Azure.Management.DataLake.AnalyticsJob.IJobOperations.
            </param>
            <param name='resourceGroupName'>
            Required. The name of the resource group.
            </param>
            <param name='accountName'>
            Required. The name of the Data Lake Analytics account to get the
            job from
            </param>
            <param name='parameters'>
            Optional. Query parameters. If null is passed returns all JobInfo
            items.
            </param>
            <returns>
            List of jobInfo items.
            </returns>
        </member>
        <member name="M:Microsoft.Azure.Management.DataLake.AnalyticsJob.JobOperationsExtensions.ListNext(Microsoft.Azure.Management.DataLake.AnalyticsJob.IJobOperations,System.String,System.String)">
            <summary>
            Gets the next page of the Data Lake Analytics JobInformation
            objects within the specified resource group with a link to the
            next page, if any.
            </summary>
            <param name='operations'>
            Reference to the
            Microsoft.Azure.Management.DataLake.AnalyticsJob.IJobOperations.
            </param>
            <param name='nextLink'>
            Required. The url to the next job information page.
            </param>
            <param name='resourceGroupName'>
            Required. The name of the resource group.
            </param>
            <returns>
            List of jobInfo items.
            </returns>
        </member>
        <member name="M:Microsoft.Azure.Management.DataLake.AnalyticsJob.JobOperationsExtensions.ListNextAsync(Microsoft.Azure.Management.DataLake.AnalyticsJob.IJobOperations,System.String,System.String)">
            <summary>
            Gets the next page of the Data Lake Analytics JobInformation
            objects within the specified resource group with a link to the
            next page, if any.
            </summary>
            <param name='operations'>
            Reference to the
            Microsoft.Azure.Management.DataLake.AnalyticsJob.IJobOperations.
            </param>
            <param name='nextLink'>
            Required. The url to the next job information page.
            </param>
            <param name='resourceGroupName'>
            Required. The name of the resource group.
            </param>
            <returns>
            List of jobInfo items.
            </returns>
        </member>
        <member name="M:Microsoft.Azure.Management.DataLake.AnalyticsJob.JobOperationsExtensions.ListWithQueryString(Microsoft.Azure.Management.DataLake.AnalyticsJob.IJobOperations,System.String,System.String,System.String)">
            <summary>
            Gets the first page of the Data Lake Analytics JobInformation
            objects within the specified resource group with a link to the
            next page, if any.
            </summary>
            <param name='operations'>
            Reference to the
            Microsoft.Azure.Management.DataLake.AnalyticsJob.IJobOperations.
            </param>
            <param name='resourceGroupName'>
            Required. The name of the resource group.
            </param>
            <param name='accountName'>
            Required. The name of the Data Lake Analytics account to get the
            job from
            </param>
            <param name='queryString'>
            Optional. OData Query parameter string (e.g.
            '$orderBy=SubmitTime,$filter=State eq Succeeded'). If null is
            passed returns all JobInfo items.
            </param>
            <returns>
            List of jobInfo items.
            </returns>
        </member>
        <member name="M:Microsoft.Azure.Management.DataLake.AnalyticsJob.JobOperationsExtensions.ListWithQueryStringAsync(Microsoft.Azure.Management.DataLake.AnalyticsJob.IJobOperations,System.String,System.String,System.String)">
            <summary>
            Gets the first page of the Data Lake Analytics JobInformation
            objects within the specified resource group with a link to the
            next page, if any.
            </summary>
            <param name='operations'>
            Reference to the
            Microsoft.Azure.Management.DataLake.AnalyticsJob.IJobOperations.
            </param>
            <param name='resourceGroupName'>
            Required. The name of the resource group.
            </param>
            <param name='accountName'>
            Required. The name of the Data Lake Analytics account to get the
            job from
            </param>
            <param name='queryString'>
            Optional. OData Query parameter string (e.g.
            '$orderBy=SubmitTime,$filter=State eq Succeeded'). If null is
            passed returns all JobInfo items.
            </param>
            <returns>
            List of jobInfo items.
            </returns>
        </member>
        <member name="T:Microsoft.Azure.Management.DataLake.AnalyticsJob.Models.Diagnostics">
            <summary>
            A Data Lake Analytics U-SQL job diagnostics information item.
            </summary>
        </member>
        <member name="M:Microsoft.Azure.Management.DataLake.AnalyticsJob.Models.Diagnostics.#ctor">
            <summary>
            Initializes a new instance of the Diagnostics class.
            </summary>
        </member>
        <member name="P:Microsoft.Azure.Management.DataLake.AnalyticsJob.Models.Diagnostics.ColumnNumber">
            <summary>
            Optional. Gets or sets the Column where the error occured.
            </summary>
        </member>
        <member name="P:Microsoft.Azure.Management.DataLake.AnalyticsJob.Models.Diagnostics.End">
            <summary>
            Optional. Gets or sets the ending index of the error.
            </summary>
        </member>
        <member name="P:Microsoft.Azure.Management.DataLake.AnalyticsJob.Models.Diagnostics.LineNumber">
            <summary>
            Optional. Gets or sets the line number the error occured on.
            </summary>
        </member>
        <member name="P:Microsoft.Azure.Management.DataLake.AnalyticsJob.Models.Diagnostics.Message">
            <summary>
            Optional. Gets or sets the error message.
            </summary>
        </member>
        <member name="P:Microsoft.Azure.Management.DataLake.AnalyticsJob.Models.Diagnostics.Severity">
            <summary>
            Optional. Gets or sets the severity of the error.
            </summary>
        </member>
        <member name="P:Microsoft.Azure.Management.DataLake.AnalyticsJob.Models.Diagnostics.Start">
            <summary>
            Optional. Gets or sets the starting index of the error.
            </summary>
        </member>
        <member name="T:Microsoft.Azure.Management.DataLake.AnalyticsJob.Models.HiveJobStatementInfo">
            <summary>
            A Data Lake Analytics Hive job statement information item.
            </summary>
        </member>
        <member name="M:Microsoft.Azure.Management.DataLake.AnalyticsJob.Models.HiveJobStatementInfo.#ctor">
            <summary>
            Initializes a new instance of the HiveJobStatementInfo class.
            </summary>
        </member>
        <member name="P:Microsoft.Azure.Management.DataLake.AnalyticsJob.Models.HiveJobStatementInfo.ErrorMessage">
            <summary>
            Optional. Gets or sets the error message for this statement.
            </summary>
        </member>
        <member name="P:Microsoft.Azure.Management.DataLake.AnalyticsJob.Models.HiveJobStatementInfo.LogLocation">
            <summary>
            Optional. Gets or sets the log location for this statement.
            </summary>
        </member>
        <member name="P:Microsoft.Azure.Management.DataLake.AnalyticsJob.Models.HiveJobStatementInfo.ResultLocation">
            <summary>
            Optional. Gets or sets the result location for this statement.
            </summary>
        </member>
        <member name="P:Microsoft.Azure.Management.DataLake.AnalyticsJob.Models.HiveJobStatementInfo.ResultPreviewLocation">
            <summary>
            Optional. Gets or sets the result preview location for this
            statement.
            </summary>
        </member>
        <member name="T:Microsoft.Azure.Management.DataLake.AnalyticsJob.Models.HiveProperties">
            <summary>
            A Data Lake Analytics Hive job properties item.
            </summary>
        </member>
        <member name="T:Microsoft.Azure.Management.DataLake.AnalyticsJob.Models.JobProperties">
            <summary>
            The common Data Lake Analytics job properties.
            </summary>
        </member>
        <member name="M:Microsoft.Azure.Management.DataLake.AnalyticsJob.Models.JobProperties.#ctor">
            <summary>
            Initializes a new instance of the JobProperties class.
            </summary>
        </member>
        <member name="M:Microsoft.Azure.Management.DataLake.AnalyticsJob.Models.JobProperties.#ctor(System.String)">
            <summary>
            Initializes a new instance of the JobProperties class with required
            arguments.
            </summary>
        </member>
        <member name="P:Microsoft.Azure.Management.DataLake.AnalyticsJob.Models.JobProperties.RuntimeVersion">
            <summary>
            Optional. Gets or sets the runtime version of the U-SQL engine to
            use
            </summary>
        </member>
        <member name="P:Microsoft.Azure.Management.DataLake.AnalyticsJob.Models.JobProperties.Script">
            <summary>
            Required. Gets or sets the U-SQL script to run
            </summary>
        </member>
        <member name="P:Microsoft.Azure.Management.DataLake.AnalyticsJob.Models.JobProperties.Type">
            <summary>
            Optional. Gets or sets the job type of the current job (i.e. Hive
            or U-SQL).
            </summary>
        </member>
        <member name="M:Microsoft.Azure.Management.DataLake.AnalyticsJob.Models.HiveProperties.#ctor">
            <summary>
            Initializes a new instance of the HiveProperties class.
            </summary>
        </member>
        <member name="M:Microsoft.Azure.Management.DataLake.AnalyticsJob.Models.HiveProperties.#ctor(System.String)">
            <summary>
            Initializes a new instance of the HiveProperties class with
            required arguments.
            </summary>
        </member>
        <member name="P:Microsoft.Azure.Management.DataLake.AnalyticsJob.Models.HiveProperties.ExecutedStatementCount">
            <summary>
            Optional. Gets or sets the number of statements that have been run
            based on the script
            </summary>
        </member>
        <member name="P:Microsoft.Azure.Management.DataLake.AnalyticsJob.Models.HiveProperties.LogsLocation">
            <summary>
            Optional. Gets or sets the Hive logs location
            </summary>
        </member>
        <member name="P:Microsoft.Azure.Management.DataLake.AnalyticsJob.Models.HiveProperties.StatementCount">
            <summary>
            Optional. Gets or sets the number of statements that will be run
            based on the script
            </summary>
        </member>
        <member name="P:Microsoft.Azure.Management.DataLake.AnalyticsJob.Models.HiveProperties.StatementInfo">
            <summary>
            Optional. Gets or sets the statement information for each statement
            in the script
            </summary>
        </member>
        <member name="P:Microsoft.Azure.Management.DataLake.AnalyticsJob.Models.HiveProperties.WarehouseLocation">
            <summary>
            Optional. Gets or sets the Hive warehouse location
            </summary>
        </member>
        <member name="T:Microsoft.Azure.Management.DataLake.AnalyticsJob.Models.JobDataPath">
            <summary>
            A Data Lake Analytics U-SQL job data path item.
            </summary>
        </member>
        <member name="M:Microsoft.Azure.Management.DataLake.AnalyticsJob.Models.JobDataPath.#ctor">
            <summary>
            Initializes a new instance of the JobDataPath class.
            </summary>
        </member>
        <member name="P:Microsoft.Azure.Management.DataLake.AnalyticsJob.Models.JobDataPath.Command">
            <summary>
            Optional. Gets or sets the command that this job data relates to.
            </summary>
        </member>
        <member name="P:Microsoft.Azure.Management.DataLake.AnalyticsJob.Models.JobDataPath.JobId">
            <summary>
            Optional. Gets or sets the id of the job this data is for.
            </summary>
        </member>
        <member name="P:Microsoft.Azure.Management.DataLake.AnalyticsJob.Models.JobDataPath.Paths">
            <summary>
            Optional. Gets or sets the list of paths to all of the job data.
            </summary>
        </member>
        <member name="T:Microsoft.Azure.Management.DataLake.AnalyticsJob.Models.JobDataPathGetResponse">
            <summary>
            Data Lake Analytics job data path information.
            </summary>
        </member>
        <member name="M:Microsoft.Azure.Management.DataLake.AnalyticsJob.Models.JobDataPathGetResponse.#ctor">
            <summary>
            Initializes a new instance of the JobDataPathGetResponse class.
            </summary>
        </member>
        <member name="P:Microsoft.Azure.Management.DataLake.AnalyticsJob.Models.JobDataPathGetResponse.JobData">
            <summary>
            Optional. Gets or sets a job debug data path object.
            </summary>
        </member>
        <member name="T:Microsoft.Azure.Management.DataLake.AnalyticsJob.Models.JobErrorDetails">
            <summary>
            The Data Lake Analytics job error details.
            </summary>
        </member>
        <member name="M:Microsoft.Azure.Management.DataLake.AnalyticsJob.Models.JobErrorDetails.#ctor">
            <summary>
            Initializes a new instance of the JobErrorDetails class.
            </summary>
        </member>
        <member name="P:Microsoft.Azure.Management.DataLake.AnalyticsJob.Models.JobErrorDetails.Description">
            <summary>
            Optional. Gets or sets the error message description
            </summary>
        </member>
        <member name="P:Microsoft.Azure.Management.DataLake.AnalyticsJob.Models.JobErrorDetails.Details">
            <summary>
            Optional. Gets or sets the details of the error message.
            </summary>
        </member>
        <member name="P:Microsoft.Azure.Management.DataLake.AnalyticsJob.Models.JobErrorDetails.EndOffset">
            <summary>
            Optional. Gets or sets the end offset in the job where the error
            was found.
            </summary>
        </member>
        <member name="P:Microsoft.Azure.Management.DataLake.AnalyticsJob.Models.JobErrorDetails.ErrorId">
            <summary>
            Optional. Gets or sets the specific identifier for the type of
            error encountered in the job.
            </summary>
        </member>
        <member name="P:Microsoft.Azure.Management.DataLake.AnalyticsJob.Models.JobErrorDetails.FilePath">
            <summary>
            Optional. Gets or sets the path to any supplemental error files, if
            any.
            </summary>
        </member>
        <member name="P:Microsoft.Azure.Management.DataLake.AnalyticsJob.Models.JobErrorDetails.HelpLink">
            <summary>
            Optional. Gets or sets the link to MSDN or Azure help for this type
            of error, if any.
            </summary>
        </member>
        <member name="P:Microsoft.Azure.Management.DataLake.AnalyticsJob.Models.JobErrorDetails.InternalDiagnostics">
            <summary>
            Optional. Gets or sets the internal diagnostic stack trace if the
            user requesting the job error details has sufficient permissions
            it will be retrieved, otherwise it will be empty.
            </summary>
        </member>
        <member name="P:Microsoft.Azure.Management.DataLake.AnalyticsJob.Models.JobErrorDetails.LineNumber">
            <summary>
            Optional. Gets or sets the specific line number in the job where
            the error occured.
            </summary>
        </member>
        <member name="P:Microsoft.Azure.Management.DataLake.AnalyticsJob.Models.JobErrorDetails.Message">
            <summary>
            Optional. Gets or sets the user friendly error message for the
            failure.
            </summary>
        </member>
        <member name="P:Microsoft.Azure.Management.DataLake.AnalyticsJob.Models.JobErrorDetails.Resolution">
            <summary>
            Optional. Gets or sets the recommended resolution for the failure,
            if any.
            </summary>
        </member>
        <member name="P:Microsoft.Azure.Management.DataLake.AnalyticsJob.Models.JobErrorDetails.Severity">
            <summary>
            Optional. Gets or sets the severity level of the failure.
            </summary>
        </member>
        <member name="P:Microsoft.Azure.Management.DataLake.AnalyticsJob.Models.JobErrorDetails.Source">
            <summary>
            Optional. Gets or sets the ultimate source of the failure (usually
            either SYSTEM or USER).
            </summary>
        </member>
        <member name="P:Microsoft.Azure.Management.DataLake.AnalyticsJob.Models.JobErrorDetails.StartOffset">
            <summary>
            Optional. Gets or sets the end offset in the job where the error
            was found
            </summary>
        </member>
        <member name="T:Microsoft.Azure.Management.DataLake.AnalyticsJob.Models.JobInfoBuildOrCreateParameters">
            <summary>
            Data Lake Analytics job information parameters for building and
            submitting jobs.
            </summary>
        </member>
        <member name="M:Microsoft.Azure.Management.DataLake.AnalyticsJob.Models.JobInfoBuildOrCreateParameters.#ctor">
            <summary>
            Initializes a new instance of the JobInfoBuildOrCreateParameters
            class.
            </summary>
        </member>
        <member name="P:Microsoft.Azure.Management.DataLake.AnalyticsJob.Models.JobInfoBuildOrCreateParameters.Job">
            <summary>
            Optional. Gets or sets a job information object.
            </summary>
        </member>
        <member name="T:Microsoft.Azure.Management.DataLake.AnalyticsJob.Models.JobInfoBuildOrCreateResponse">
            <summary>
            Data Lake Analytics job information response from a build or create
            request.
            </summary>
        </member>
        <member name="M:Microsoft.Azure.Management.DataLake.AnalyticsJob.Models.JobInfoBuildOrCreateResponse.#ctor">
            <summary>
            Initializes a new instance of the JobInfoBuildOrCreateResponse
            class.
            </summary>
        </member>
        <member name="P:Microsoft.Azure.Management.DataLake.AnalyticsJob.Models.JobInfoBuildOrCreateResponse.Job">
            <summary>
            Optional. Gets or sets a job information object.
            </summary>
        </member>
        <member name="T:Microsoft.Azure.Management.DataLake.AnalyticsJob.Models.JobInfoGetResponse">
            <summary>
            Data Lake Analytics job information.
            </summary>
        </member>
        <member name="M:Microsoft.Azure.Management.DataLake.AnalyticsJob.Models.JobInfoGetResponse.#ctor">
            <summary>
            Initializes a new instance of the JobInfoGetResponse class.
            </summary>
        </member>
        <member name="P:Microsoft.Azure.Management.DataLake.AnalyticsJob.Models.JobInfoGetResponse.Job">
            <summary>
            Optional. Gets or sets a job information object.
            </summary>
        </member>
        <member name="T:Microsoft.Azure.Management.DataLake.AnalyticsJob.Models.JobInfoListResponse">
            <summary>
            List of jobInfo items.
            </summary>
        </member>
        <member name="M:Microsoft.Azure.Management.DataLake.AnalyticsJob.Models.JobInfoListResponse.#ctor">
            <summary>
            Initializes a new instance of the JobInfoListResponse class.
            </summary>
        </member>
        <member name="P:Microsoft.Azure.Management.DataLake.AnalyticsJob.Models.JobInfoListResponse.Count">
            <summary>
            Optional. Gets or sets the total count of results that are
            available, but might not be returned in the current page.
            </summary>
        </member>
        <member name="P:Microsoft.Azure.Management.DataLake.AnalyticsJob.Models.JobInfoListResponse.NextLink">
            <summary>
            Optional. Gets or sets the link (url) to the next page of results.
            </summary>
        </member>
        <member name="P:Microsoft.Azure.Management.DataLake.AnalyticsJob.Models.JobInfoListResponse.Value">
            <summary>
            Optional. Gets or sets the list of jobInfo items.
            </summary>
        </member>
        <member name="T:Microsoft.Azure.Management.DataLake.AnalyticsJob.Models.JobInformation">
            <summary>
            The common Data Lake Analytics job information properties.
            </summary>
        </member>
        <member name="M:Microsoft.Azure.Management.DataLake.AnalyticsJob.Models.JobInformation.#ctor">
            <summary>
            Initializes a new instance of the JobInformation class.
            </summary>
        </member>
        <member name="P:Microsoft.Azure.Management.DataLake.AnalyticsJob.Models.JobInformation.DegreeOfParallelism">
            <summary>
            Optional. Gets or sets the degree of parallelism used for this job.
            This must have a minimum value of 2
            </summary>
        </member>
        <member name="P:Microsoft.Azure.Management.DataLake.AnalyticsJob.Models.JobInformation.EndTime">
            <summary>
            Optional. Gets or sets the completion time of the job
            </summary>
        </member>
        <member name="P:Microsoft.Azure.Management.DataLake.AnalyticsJob.Models.JobInformation.ErrorMessage">
            <summary>
            Optional. Gets or sets the error message details for the job, if it
            failed.
            </summary>
        </member>
        <member name="P:Microsoft.Azure.Management.DataLake.AnalyticsJob.Models.JobInformation.JobId">
            <summary>
            Required. Gets or sets the job's unique identifier.
            </summary>
        </member>
        <member name="P:Microsoft.Azure.Management.DataLake.AnalyticsJob.Models.JobInformation.Name">
            <summary>
            Required. Gets or sets the friendly name of the job.
            </summary>
        </member>
        <member name="P:Microsoft.Azure.Management.DataLake.AnalyticsJob.Models.JobInformation.Priority">
            <summary>
            Optional. Gets or sets the priority value for the current job which
            must be greater than 1.
            </summary>
        </member>
        <member name="P:Microsoft.Azure.Management.DataLake.AnalyticsJob.Models.JobInformation.Properties">
            <summary>
            Required. Gets or sets the job specific properties.
            </summary>
        </member>
        <member name="P:Microsoft.Azure.Management.DataLake.AnalyticsJob.Models.JobInformation.Result">
            <summary>
            Optional. Gets or sets the result of job execution or the current
            result of the running job.
            </summary>
        </member>
        <member name="P:Microsoft.Azure.Management.DataLake.AnalyticsJob.Models.JobInformation.StartTime">
            <summary>
            Optional. Gets or sets the start time of the job.
            </summary>
        </member>
        <member name="P:Microsoft.Azure.Management.DataLake.AnalyticsJob.Models.JobInformation.State">
            <summary>
            Optional. Gets or sets a more detailed state of the job than the
            result. Especially used for intermediate states and errors
            </summary>
        </member>
        <member name="P:Microsoft.Azure.Management.DataLake.AnalyticsJob.Models.JobInformation.StateAuditRecords">
            <summary>
            Optional. Gets or sets the job state audit records, indicating when
            various operations have been performed on this job.
            </summary>
        </member>
        <member name="P:Microsoft.Azure.Management.DataLake.AnalyticsJob.Models.JobInformation.Submitter">
            <summary>
            Optional. Gets or sets the user or account that submitted the job.
            </summary>
        </member>
        <member name="P:Microsoft.Azure.Management.DataLake.AnalyticsJob.Models.JobInformation.SubmitTime">
            <summary>
            Optional. Gets or sets the time the job was submitted to the
            service.
            </summary>
        </member>
        <member name="P:Microsoft.Azure.Management.DataLake.AnalyticsJob.Models.JobInformation.Type">
            <summary>
            Required. Gets or sets the job type of the current job (i.e. Hive
            or U-SQL).
            </summary>
        </member>
        <member name="T:Microsoft.Azure.Management.DataLake.AnalyticsJob.Models.JobListParameters">
            <summary>
            Job information parameters for listing jobs.
            </summary>
        </member>
        <member name="M:Microsoft.Azure.Management.DataLake.AnalyticsJob.Models.JobListParameters.#ctor">
            <summary>
            Initializes a new instance of the JobListParameters class.
            </summary>
        </member>
        <member name="P:Microsoft.Azure.Management.DataLake.AnalyticsJob.Models.JobListParameters.Filter">
            <summary>
            Optional. Gets or sets OData filter. Optional.
            </summary>
        </member>
        <member name="P:Microsoft.Azure.Management.DataLake.AnalyticsJob.Models.JobListParameters.OrderBy">
            <summary>
            Optional. Gets or sets OData orderBy clause. Optional.
            </summary>
        </member>
        <member name="P:Microsoft.Azure.Management.DataLake.AnalyticsJob.Models.JobListParameters.Select">
            <summary>
            Optional. Gets or sets OData selection criteria, which is a comma
            delimited list of properties to select (e.g. 'name,id,type').
            Optional.
            </summary>
        </member>
        <member name="P:Microsoft.Azure.Management.DataLake.AnalyticsJob.Models.JobListParameters.Skip">
            <summary>
            Optional. Gets or sets the number of items to skip over before
            returning elements. Optional.
            </summary>
        </member>
        <member name="P:Microsoft.Azure.Management.DataLake.AnalyticsJob.Models.JobListParameters.Top">
            <summary>
            Optional. Gets or sets the number of items to return. Optional.
            </summary>
        </member>
        <member name="T:Microsoft.Azure.Management.DataLake.AnalyticsJob.Models.JobResource">
            <summary>
            The Data Lake Analytics U-SQL job resources.
            </summary>
        </member>
        <member name="M:Microsoft.Azure.Management.DataLake.AnalyticsJob.Models.JobResource.#ctor">
            <summary>
            Initializes a new instance of the JobResource class.
            </summary>
        </member>
        <member name="P:Microsoft.Azure.Management.DataLake.AnalyticsJob.Models.JobResource.Name">
            <summary>
            Optional. Gets or sets the name of the resource.
            </summary>
        </member>
        <member name="P:Microsoft.Azure.Management.DataLake.AnalyticsJob.Models.JobResource.ResourcePath">
            <summary>
            Optional. Gets or sets the path to the resource.
            </summary>
        </member>
        <member name="P:Microsoft.Azure.Management.DataLake.AnalyticsJob.Models.JobResource.Type">
            <summary>
            Optional. Gets or sets the job resource type.
            </summary>
        </member>
        <member name="T:Microsoft.Azure.Management.DataLake.AnalyticsJob.Models.JobResourceType">
            <summary>
            The valid types of job resources.
            </summary>
        </member>
        <member name="T:Microsoft.Azure.Management.DataLake.AnalyticsJob.Models.JobResult">
            <summary>
            Enumeration of the job result
            </summary>
        </member>
        <member name="T:Microsoft.Azure.Management.DataLake.AnalyticsJob.Models.JobState">
            <summary>
            Enumeration of the job state
            </summary>
        </member>
        <member name="T:Microsoft.Azure.Management.DataLake.AnalyticsJob.Models.JobStateAuditRecord">
            <summary>
            The Data Lake Analytics U-SQL job state audit records for tracking the
            lifecycle of a job.
            </summary>
        </member>
        <member name="M:Microsoft.Azure.Management.DataLake.AnalyticsJob.Models.JobStateAuditRecord.#ctor">
            <summary>
            Initializes a new instance of the JobStateAuditRecord class.
            </summary>
        </member>
        <member name="P:Microsoft.Azure.Management.DataLake.AnalyticsJob.Models.JobStateAuditRecord.Details">
            <summary>
            Optional. Gets or sets  the details of the audit log.
            </summary>
        </member>
        <member name="P:Microsoft.Azure.Management.DataLake.AnalyticsJob.Models.JobStateAuditRecord.NewState">
            <summary>
            Optional. Gets or sets the new state the job is in.
            </summary>
        </member>
        <member name="P:Microsoft.Azure.Management.DataLake.AnalyticsJob.Models.JobStateAuditRecord.RequestedByUser">
            <summary>
            Optional. Gets or sets the user who requests the change.
            </summary>
        </member>
        <member name="P:Microsoft.Azure.Management.DataLake.AnalyticsJob.Models.JobStateAuditRecord.TimeStamp">
            <summary>
            Optional. Gets or sets the time stamp that the state change took
            place.
            </summary>
        </member>
        <member name="T:Microsoft.Azure.Management.DataLake.AnalyticsJob.Models.JobStatistics">
            <summary>
            The Data Lake Analytics U-SQL job execution statistics.
            </summary>
        </member>
        <member name="M:Microsoft.Azure.Management.DataLake.AnalyticsJob.Models.JobStatistics.#ctor">
            <summary>
            Initializes a new instance of the JobStatistics class.
            </summary>
        </member>
        <member name="P:Microsoft.Azure.Management.DataLake.AnalyticsJob.Models.JobStatistics.LastUpdateTimeUtc">
            <summary>
            Optional. Gets or sets the last update time for the statistics.
            </summary>
        </member>
        <member name="P:Microsoft.Azure.Management.DataLake.AnalyticsJob.Models.JobStatistics.Stages">
            <summary>
            Optional. Gets or sets the list of stages for the job.
            </summary>
        </member>
        <member name="T:Microsoft.Azure.Management.DataLake.AnalyticsJob.Models.JobStatisticsGetResponse">
            <summary>
            Data Lake Analytics Account information.
            </summary>
        </member>
        <member name="M:Microsoft.Azure.Management.DataLake.AnalyticsJob.Models.JobStatisticsGetResponse.#ctor">
            <summary>
            Initializes a new instance of the JobStatisticsGetResponse class.
            </summary>
        </member>
        <member name="P:Microsoft.Azure.Management.DataLake.AnalyticsJob.Models.JobStatisticsGetResponse.Statistics">
            <summary>
            Optional. Gets or sets the job statistics for a given job, which
            can be used to understand the details of job execution
            </summary>
        </member>
        <member name="T:Microsoft.Azure.Management.DataLake.AnalyticsJob.Models.JobStatisticsVertexStage">
            <summary>
            The Data Lake Analytics U-SQL job statistics vertex stage information.
            </summary>
        </member>
        <member name="M:Microsoft.Azure.Management.DataLake.AnalyticsJob.Models.JobStatisticsVertexStage.#ctor">
            <summary>
            Initializes a new instance of the JobStatisticsVertexStage class.
            </summary>
        </member>
        <member name="P:Microsoft.Azure.Management.DataLake.AnalyticsJob.Models.JobStatisticsVertexStage.DataRead">
            <summary>
            Optional. Gets or sets the amount of data read, in bytes.
            </summary>
        </member>
        <member name="P:Microsoft.Azure.Management.DataLake.AnalyticsJob.Models.JobStatisticsVertexStage.DataReadCrossPod">
            <summary>
            Optional. Gets or sets the amount of data read across multiple
            pods, in bytes.
            </summary>
        </member>
        <member name="P:Microsoft.Azure.Management.DataLake.AnalyticsJob.Models.JobStatisticsVertexStage.DataReadIntraPod">
            <summary>
            Optional. Gets or sets the amount of data read in one pod, in bytes.
            </summary>
        </member>
        <member name="P:Microsoft.Azure.Management.DataLake.AnalyticsJob.Models.JobStatisticsVertexStage.DataToRead">
            <summary>
            Optional. Gets or sets the amount of data remaining to be read, in
            bytes.
            </summary>
        </member>
        <member name="P:Microsoft.Azure.Management.DataLake.AnalyticsJob.Models.JobStatisticsVertexStage.DataWritten">
            <summary>
            Optional. Gets or sets the amount of data written, in bytes.
            </summary>
        </member>
        <member name="P:Microsoft.Azure.Management.DataLake.AnalyticsJob.Models.JobStatisticsVertexStage.DuplicateDiscardCount">
            <summary>
            Optional. Gets or sets the number of duplicates that were discarded.
            </summary>
        </member>
        <member name="P:Microsoft.Azure.Management.DataLake.AnalyticsJob.Models.JobStatisticsVertexStage.FailedCount">
            <summary>
            Optional. Gets or sets the number of failures that occured in this
            stage.
            </summary>
        </member>
        <member name="P:Microsoft.Azure.Management.DataLake.AnalyticsJob.Models.JobStatisticsVertexStage.MaxVertexDataRead">
            <summary>
            Optional. Gets or sets the maximum amount of data read in a single
            vertex, in bytes.
            </summary>
        </member>
        <member name="P:Microsoft.Azure.Management.DataLake.AnalyticsJob.Models.JobStatisticsVertexStage.MinVertexDataRead">
            <summary>
            Optional. Gets or sets the minimum amount of data read in a single
            vertex, in bytes.
            </summary>
        </member>
        <member name="P:Microsoft.Azure.Management.DataLake.AnalyticsJob.Models.JobStatisticsVertexStage.ReadFailureCount">
            <summary>
            Optional. Gets or sets the number of read failures in this stage.
            </summary>
        </member>
        <member name="P:Microsoft.Azure.Management.DataLake.AnalyticsJob.Models.JobStatisticsVertexStage.RevocationCount">
            <summary>
            Optional. Gets or sets the number of vertices that were revoked
            during this stage.
            </summary>
        </member>
        <member name="P:Microsoft.Azure.Management.DataLake.AnalyticsJob.Models.JobStatisticsVertexStage.RunningCount">
            <summary>
            Optional. Gets or sets the number of currently running vertices in
            this stage.
            </summary>
        </member>
        <member name="P:Microsoft.Azure.Management.DataLake.AnalyticsJob.Models.JobStatisticsVertexStage.ScheduledCount">
            <summary>
            Optional. Gets or sets the number of currently scheduled vertices
            in this stage
            </summary>
        </member>
        <member name="P:Microsoft.Azure.Management.DataLake.AnalyticsJob.Models.JobStatisticsVertexStage.StageName">
            <summary>
            Optional. Gets or sets the name of this stage in job execution.
            </summary>
        </member>
        <member name="P:Microsoft.Azure.Management.DataLake.AnalyticsJob.Models.JobStatisticsVertexStage.SucceededCount">
            <summary>
            Optional. Gets or sets the number of vertices that succeeded in
            this stage.
            </summary>
        </member>
        <member name="P:Microsoft.Azure.Management.DataLake.AnalyticsJob.Models.JobStatisticsVertexStage.TempDataWritten">
            <summary>
            Optional. Gets or sets the amount of temporary data written, in
            bytes.
            </summary>
        </member>
        <member name="P:Microsoft.Azure.Management.DataLake.AnalyticsJob.Models.JobStatisticsVertexStage.TotalCount">
            <summary>
            Optional. Gets or sets the total vertex count for this stage.
            </summary>
        </member>
        <member name="P:Microsoft.Azure.Management.DataLake.AnalyticsJob.Models.JobStatisticsVertexStage.TotalFailedTime">
            <summary>
            Optional. Gets or sets the amount of time that failed vertices took
            up in this stage.
            </summary>
        </member>
        <member name="P:Microsoft.Azure.Management.DataLake.AnalyticsJob.Models.JobStatisticsVertexStage.TotalProgress">
            <summary>
            Optional. Gets or sets the current progress of this stage, as a
            percentage.
            </summary>
        </member>
        <member name="P:Microsoft.Azure.Management.DataLake.AnalyticsJob.Models.JobStatisticsVertexStage.TotalSucceededTime">
            <summary>
            Optional. Gets or sets the amount of time all successful vertices
            took in this stage.
            </summary>
        </member>
        <member name="T:Microsoft.Azure.Management.DataLake.AnalyticsJob.Models.USqlProperties">
            <summary>
            The Data Lake Analytics U-SQL specific job properties.
            </summary>
        </member>
        <member name="M:Microsoft.Azure.Management.DataLake.AnalyticsJob.Models.USqlProperties.#ctor">
            <summary>
            Initializes a new instance of the USqlProperties class.
            </summary>
        </member>
        <member name="M:Microsoft.Azure.Management.DataLake.AnalyticsJob.Models.USqlProperties.#ctor(System.String)">
            <summary>
            Initializes a new instance of the USqlProperties class with
            required arguments.
            </summary>
        </member>
        <member name="P:Microsoft.Azure.Management.DataLake.AnalyticsJob.Models.USqlProperties.AlgebraFilePath">
            <summary>
            Optional. Gets or sets the U-SQL algebra file path after the job
            has completed
            </summary>
        </member>
        <member name="P:Microsoft.Azure.Management.DataLake.AnalyticsJob.Models.USqlProperties.CompileMode">
            <summary>
            Optional. Gets or sets the compile mode for the job.
            </summary>
        </member>
        <member name="P:Microsoft.Azure.Management.DataLake.AnalyticsJob.Models.USqlProperties.DebugData">
            <summary>
            Optional. Gets or sets the job specific debug data locations.
            </summary>
        </member>
        <member name="P:Microsoft.Azure.Management.DataLake.AnalyticsJob.Models.USqlProperties.Diagnostics">
            <summary>
            Optional. Gets or sets the diagnostics for the job.
            </summary>
        </member>
        <member name="P:Microsoft.Azure.Management.DataLake.AnalyticsJob.Models.USqlProperties.Resources">
            <summary>
            Optional. Gets or sets the list of resources that are required by
            the job
            </summary>
        </member>
        <member name="P:Microsoft.Azure.Management.DataLake.AnalyticsJob.Models.USqlProperties.RootProcessNodeId">
            <summary>
            Optional. Gets or sets the ID used to identify the job manager
            coordinating job execution.This value should not be set by the
            user and will be ignored if it is.
            </summary>
        </member>
        <member name="P:Microsoft.Azure.Management.DataLake.AnalyticsJob.Models.USqlProperties.Statistics">
            <summary>
            Optional. Gets or sets the job specific statistics.
            </summary>
        </member>
        <member name="P:Microsoft.Azure.Management.DataLake.AnalyticsJob.Models.USqlProperties.TotalCompilationTime">
            <summary>
            Optional. Gets or sets the total time this job spent compiling.
            This value should not be set by the user and will be ignored if it
            is.
            </summary>
        </member>
        <member name="P:Microsoft.Azure.Management.DataLake.AnalyticsJob.Models.USqlProperties.TotalPausedTime">
            <summary>
            Optional. Gets or sets the total time this job spent paused. This
            value should not be set by the user and will be ignored if it is.
            </summary>
        </member>
        <member name="P:Microsoft.Azure.Management.DataLake.AnalyticsJob.Models.USqlProperties.TotalQueuedTime">
            <summary>
            Optional. Gets or sets the total time this job spent queued. This
            value should not be set by the user and will be ignored if it is.
            </summary>
        </member>
        <member name="P:Microsoft.Azure.Management.DataLake.AnalyticsJob.Models.USqlProperties.TotalRunningTime">
            <summary>
            Optional. Gets or sets the total time this job spent executing.
            This value should not be set by the user and will be ignored if it
            is.
            </summary>
        </member>
        <member name="P:Microsoft.Azure.Management.DataLake.AnalyticsJob.Models.USqlProperties.YarnApplicationId">
            <summary>
            Optional. Gets or sets the ID used to identify the yarn application
            executing the job.This value should not be set by the user and
            will be ignored if it is.
            </summary>
        </member>
        <member name="P:Microsoft.Azure.Management.DataLake.AnalyticsJob.Models.USqlProperties.YarnApplicationTimeStamp">
            <summary>
            Optional. Gets or sets the timestamp (int ticks) for the yarn
            application executing the job.This value should not be set by the
            user and will be ignored if it is.
            </summary>
        </member>
    </members>
</doc>
